,annotation,bootstrap_estimate,bootstrap_error,bt_value,bp_value,bias_corrected_estimate,CI_lo,CI_hi
Intercept,Intercept,0.0117848055201588,0.00163808856806526,7.19424196585283,3.14043628176252e-13,0.0115582423618777,0.00841438660582889,0.0151341498713868
Celltype1,Celltype1,0.0145447194523089,0.00873428486503095,1.66524445642263,0.0479319974389495,0.0212265904231459,-0.00695241823252241,0.0283126304864334
Celltype2,Celltype2,-0.037567718591373,0.0178532655279204,-2.10424913765056,0.982321639868965,-0.0337790662745619,-0.0695444861310102,-0.00579785689049275
Celltype3,Celltype3,0.005790817364995,0.00316040296434367,1.83230348481767,0.0334531091039804,0.0062469211678705,0.000785378153967016,0.0127339733900457
Celltype4,Celltype4,0.0180565135000315,0.00643520712062035,2.80589469174551,0.00250885439824979,0.0141900057933285,0.00810760572506156,0.0321964114465113
Celltype5,Celltype5,0.0185293329257585,0.0140981323659052,1.3143111757533,0.0943707539492977,0.0154991753559395,-0.00662944124166059,0.0460159944150884
