,annotation,bootstrap_estimate,bootstrap_error,bt_value,bp_value,bias_corrected_estimate,CI_lo,CI_hi
Intercept,Intercept,0.0119453261845509,0.00191275482713939,6.24509007378414,2.11777979414882e-10,0.0115769307222464,0.00834800382090146,0.0156419000558729
Celltype10,Celltype10,0.0150557105466196,0.0073147903736855,2.05825591404254,0.0197827868742509,0.0137910478751352,0.00123819596838202,0.029756861599794
Celltype6,Celltype6,0.00548199574073749,0.00229993427072626,2.38354452582091,0.0085734050171609,0.00497269113544589,0.00100951902597443,0.0107128287919739
Celltype7,Celltype7,0.00158870905971076,0.0015333509975075,1.03610266813877,0.150077123801814,0.00182894157566307,-0.0013486158699776,0.00440995101509244
Celltype8,Celltype8,-0.00714535908534029,0.00189154336098298,-3.77752856885452,0.999920803829766,-0.00670299108004158,-0.0111424893960587,-0.00405353150556855
Celltype9,Celltype9,0.00770106468841167,0.00596624634707895,1.29077216065375,0.0983913469785109,0.00987519621046627,-0.00609594023144243,0.0168686875750299
